t,f,its,flag,fails
0.00056,39900,4,0,0
0.000366,39900,4,0,0
0.000388,39900,4,0,0
0.000377,39900,4,0,0
0.008042,39900,23,0,0
0.010046,39900,6,0,0
