t,f,its,flag,fails
0.041858,-70,60,0,0
0.040101,-70,58,0,0
0.049244,-70,56,0,0
0.043537,-70,63,0,0
0.561939,-70,1433,0,0
0.053038,-70,60,0,0
